{"version":"7day.2026-04-27","channelMeans":[-2.619424148458547,-5.833838797270346,-4.900391687931168,-5.901596508150013,-3.541542669799706,-3.954321350466662,-5.647236927270644,-5.972762249784148,-4.406698018170723,-5.790861026290805,-4.7909607182319345,-5.873949640806762,-5.726725405044432],"channelStddevs":[0.6437032782163571,0.06818817768664674,0.22625233907159675,0.036594329209287485,0.45330170434406847,0.47216370969739135,0.14763838943637972,0.013518644189622531,0.4742426062867494,0.09056362077693063,0.29839889688466914,0.056687955998825486,0.06987307398922737],"channels":["1020-1860 keV","115000-143000 keV","11640-23270 keV","160000-242000 keV","1900-2300 keV","2310-3340 keV","25900-38100 keV","276000-404000 keV","3400-6480 keV","40300-73400 keV","5840-11000 keV","83700-98500 keV","99900-118000 keV"]}